run_id,timestamp,device,model,input_w,input_h,output_w,output_h,load_tag,warmup,iters,wall_s,mean_ms,std_ms,p50_ms,p90_ms,p99_ms,min_ms,max_ms,fps_mean,fps_p50,active_backend_name,psnr_vs_bicubic,ssim_vs_bicubic,image_source
fsrcnn_ir_20260506T094028,2026-05-06T09:40:28,CPU_OV,FSRCNN_x2.xml,128,72,144,1,idle,5,30,0.088,0.233,0.007,0.231,0.246,0.253,0.227,0.255,4287.5,4331.11,OV:CPU,27.8032,0.9625,synth:mixed
fsrcnn_ir_20260506T094028,2026-05-06T09:40:28,CPU_OV,FSRCNN_x2.xml,256,144,288,1,idle,5,30,0.113,0.821,0.082,0.802,0.83,1.136,0.789,1.256,1217.62,1246.69,OV:CPU,28.0628,0.9629,synth:mixed
fsrcnn_ir_20260506T094028,2026-05-06T09:40:28,CPU_OV,FSRCNN_x2.xml,320,180,360,1,idle,5,30,0.14,1.52,0.479,1.278,1.808,3.152,1.24,3.239,657.84,782.5,OV:CPU,28.8042,0.9657,synth:mixed
fsrcnn_ir_20260506T094028,2026-05-06T09:40:29,CPU_OV,FSRCNN_x2.xml,480,270,540,1,idle,5,30,0.23,4.097,0.619,3.933,5.032,5.153,3.223,5.167,244.1,254.23,OV:CPU,30.5841,0.9726,synth:mixed
fsrcnn_ir_20260506T094028,2026-05-06T09:40:30,CPU_OV,FSRCNN_x2.xml,640,360,720,1,idle,5,30,0.549,12.841,1.146,12.545,14.04,16.248,11.557,16.688,77.87,79.71,OV:CPU,31.8315,0.9775,synth:mixed
fsrcnn_ir_20260506T094028,2026-05-06T09:40:30,CPU_OV,FSRCNN_x2.xml,640,480,960,1,idle,5,30,0.701,17.207,1.035,17.19,18.199,20.15,15.247,20.752,58.12,58.17,OV:CPU,33.2794,0.982,synth:mixed
fsrcnn_ir_20260506T094028,2026-05-06T09:40:32,CPU_OV,FSRCNN_x2.xml,800,600,1200,1,idle,5,30,1.195,31.763,3.279,31.547,35.832,39.858,26.785,40.682,31.48,31.7,OV:CPU,34.1184,0.9843,synth:mixed
fsrcnn_ir_20260506T094028,2026-05-06T09:40:34,CPU_OV,FSRCNN_x2.xml,960,540,1080,1,idle,5,30,1.215,32.057,2.066,31.574,34.183,38.078,29.033,38.869,31.19,31.67,OV:CPU,33.586,0.9829,synth:mixed
fsrcnn_ir_20260506T094028,2026-05-06T09:40:36,CPU_OV,FSRCNN_x2.xml,1280,720,1440,1,idle,5,30,2.151,58.514,2.714,57.792,62.27,63.416,54.748,63.475,17.09,17.3,OV:CPU,35.0188,0.9863,synth:mixed
fsrcnn_ir_20260506T094028,2026-05-06T09:40:43,CPU_OV,FSRCNN_x2.xml,1920,1080,2160,1,idle,5,30,4.773,131.675,4.095,130.312,137.493,140.36,126.124,140.5,7.59,7.67,OV:CPU,36.6255,0.9893,synth:mixed
fsrcnn_ir_20260506T094028,2026-05-06T09:40:43,CPU_OV,FSRCNN_x3.xml,128,72,216,1,idle,5,30,0.089,0.267,0.03,0.258,0.275,0.379,0.254,0.385,3740.16,3876.13,OV:CPU,28.1145,0.911,synth:mixed
fsrcnn_ir_20260506T094028,2026-05-06T09:40:44,CPU_OV,FSRCNN_x3.xml,256,144,432,1,idle,5,30,0.126,1.071,0.388,0.937,1.074,2.601,0.908,2.788,933.56,1066.91,OV:CPU,28.4616,0.9149,synth:mixed
fsrcnn_ir_20260506T094028,2026-05-06T09:40:44,CPU_OV,FSRCNN_x3.xml,320,180,540,1,idle,5,30,0.154,1.941,0.596,1.657,2.902,3.465,1.414,3.56,515.33,603.4,OV:CPU,29.299,0.9251,synth:mixed
fsrcnn_ir_20260506T094028,2026-05-06T09:40:44,CPU_OV,FSRCNN_x3.xml,480,270,810,1,idle,5,30,0.269,5.214,1.022,5.043,6.651,7.472,3.822,7.491,191.79,198.29,OV:CPU,31.2427,0.9442,synth:mixed
fsrcnn_ir_20260506T094028,2026-05-06T09:40:45,CPU_OV,FSRCNN_x3.xml,640,360,1080,1,idle,5,30,0.558,13.085,0.886,12.893,14.429,14.984,11.794,15.064,76.42,77.56,OV:CPU,32.5328,0.9555,synth:mixed
fsrcnn_ir_20260506T094028,2026-05-06T09:40:47,CPU_OV,FSRCNN_x3.xml,640,480,1440,1,idle,5,30,0.75,18.545,0.931,18.301,19.418,21.806,17.408,22.31,53.92,54.64,OV:CPU,33.9816,0.9658,synth:mixed
fsrcnn_ir_20260506T094028,2026-05-06T09:40:49,CPU_OV,FSRCNN_x3.xml,800,600,1800,1,idle,5,30,1.208,31.257,1.877,30.739,34.02,37.115,29.186,37.634,31.99,32.53,OV:CPU,34.791,0.9707,synth:mixed
fsrcnn_ir_20260506T094028,2026-05-06T09:40:51,CPU_OV,FSRCNN_x3.xml,960,540,1620,1,idle,5,30,1.28,33.395,1.275,33.356,35.032,36.615,31.384,36.768,29.94,29.98,OV:CPU,34.2775,0.9677,synth:mixed
fsrcnn_ir_20260506T094028,2026-05-06T09:40:55,CPU_OV,FSRCNN_x3.xml,1280,720,2160,1,idle,5,30,2.283,61.374,1.826,61.743,62.784,66.583,58.959,67.308,16.29,16.2,OV:CPU,35.6323,0.9751,synth:mixed
fsrcnn_ir_20260506T094028,2026-05-06T09:40:56,CPU_OV,FSRCNN_x4.xml,128,72,288,1,idle,5,30,0.091,0.292,0.04,0.284,0.293,0.447,0.279,0.504,3425.98,3523.41,OV:CPU,26.922,0.8626,synth:mixed
fsrcnn_ir_20260506T094028,2026-05-06T09:40:56,CPU_OV,FSRCNN_x4.xml,256,144,576,1,idle,5,30,0.124,1.125,0.322,0.996,1.289,2.281,0.974,2.35,889.06,1003.58,OV:CPU,27.3091,0.8706,synth:mixed
fsrcnn_ir_20260506T094028,2026-05-06T09:40:56,CPU_OV,FSRCNN_x4.xml,320,180,720,1,idle,5,30,0.167,2.236,0.567,2.015,3.12,3.49,1.661,3.516,447.28,496.22,OV:CPU,28.2678,0.8889,synth:mixed
fsrcnn_ir_20260506T094028,2026-05-06T09:40:57,CPU_OV,FSRCNN_x4.xml,480,270,1080,1,idle,5,30,0.308,6.031,0.781,6.103,6.948,7.698,4.711,7.88,165.81,163.87,OV:CPU,30.3402,0.9206,synth:mixed
fsrcnn_ir_20260506T094028,2026-05-06T09:40:58,CPU_OV,FSRCNN_x4.xml,640,360,1440,1,idle,5,30,0.611,14.578,0.873,14.512,15.122,17.623,13.521,18.407,68.6,68.91,OV:CPU,31.7476,0.9383,synth:mixed
fsrcnn_ir_20260506T094028,2026-05-06T09:41:00,CPU_OV,FSRCNN_x4.xml,640,480,1920,1,idle,5,30,0.808,19.978,0.911,19.944,20.552,22.936,17.89,23.642,50.06,50.14,OV:CPU,33.297,0.9539,synth:mixed
fsrcnn_ir_20260506T094028,2026-05-06T09:41:04,CPU_OV,FSRCNN_x4.xml,960,540,2160,1,idle,5,30,1.396,36.236,1.591,35.803,37.371,41.393,34.568,42.077,27.6,27.93,OV:CPU,33.6125,0.9567,synth:mixed
fsrcnn_ir_20260506T094028,2026-05-06T09:41:04,iGPU_OV,FSRCNN_x2.xml,128,72,144,1,idle,5,30,0.804,1.04,0.183,0.976,1.3,1.336,0.512,1.343,961.17,1024.17,OV:GPU,27.7993,0.9628,synth:mixed
fsrcnn_ir_20260506T094028,2026-05-06T09:41:05,iGPU_OV,FSRCNN_x2.xml,256,144,288,1,idle,5,30,0.743,2.23,0.304,2.054,2.746,2.89,2.031,2.932,448.49,486.94,OV:GPU,28.0624,0.9633,synth:mixed
fsrcnn_ir_20260506T094028,2026-05-06T09:41:06,iGPU_OV,FSRCNN_x2.xml,320,180,360,1,idle,5,30,0.465,3.296,0.06,3.288,3.356,3.472,3.219,3.506,303.4,304.14,OV:GPU,28.8046,0.9662,synth:mixed
fsrcnn_ir_20260506T094028,2026-05-06T09:41:07,iGPU_OV,FSRCNN_x2.xml,480,270,540,1,idle,5,30,0.63,7.661,0.342,7.53,7.902,8.866,7.401,9.079,130.52,132.81,OV:GPU,30.5745,0.9734,synth:mixed
fsrcnn_ir_20260506T094028,2026-05-06T09:41:08,iGPU_OV,FSRCNN_x2.xml,640,360,720,1,idle,5,30,0.865,14.009,0.491,13.878,14.35,15.83,13.647,16.218,71.38,72.06,OV:GPU,31.8106,0.9784,synth:mixed
fsrcnn_ir_20260506T094028,2026-05-06T09:41:10,iGPU_OV,FSRCNN_x2.xml,640,480,960,1,idle,5,30,1.388,18.708,0.715,18.522,18.99,21.404,18.234,22.293,53.45,53.99,OV:GPU,33.2417,0.983,synth:mixed
fsrcnn_ir_20260506T094028,2026-05-06T09:41:12,iGPU_OV,FSRCNN_x2.xml,800,600,1200,1,idle,5,30,1.76,29.758,1.891,29.056,31.097,36.086,28.175,36.397,33.6,34.42,OV:GPU,34.0717,0.9854,synth:mixed
fsrcnn_ir_20260506T094028,2026-05-06T09:41:14,iGPU_OV,FSRCNN_x2.xml,960,540,1080,1,idle,5,30,1.525,31.62,0.704,31.497,31.874,34.282,31.139,35.167,31.63,31.75,OV:GPU,33.5466,0.984,synth:mixed
fsrcnn_ir_20260506T094028,2026-05-06T09:41:17,iGPU_OV,FSRCNN_x2.xml,1280,720,1440,1,idle,5,30,2.52,58.983,1.64,58.609,60.655,64.187,56.498,64.998,16.95,17.06,OV:GPU,34.9542,0.9875,synth:mixed
fsrcnn_ir_20260506T094028,2026-05-06T09:41:24,iGPU_OV,FSRCNN_x2.xml,1920,1080,2160,1,idle,5,30,5.13,124.638,1.978,124.348,125.44,131.799,121.966,134.004,8.02,8.04,OV:GPU,36.5282,0.9906,synth:mixed
fsrcnn_ir_20260506T094028,2026-05-06T09:41:25,iGPU_OV,FSRCNN_x3.xml,128,72,216,1,idle,5,30,0.779,0.905,0.082,0.857,1.002,1.077,0.827,1.102,1105.45,1166.28,OV:GPU,28.1355,0.9103,synth:mixed
fsrcnn_ir_20260506T094028,2026-05-06T09:41:26,iGPU_OV,FSRCNN_x3.xml,256,144,432,1,idle,5,30,0.757,2.297,0.197,2.192,2.54,2.868,2.161,2.978,435.43,456.11,OV:GPU,28.482,0.9144,synth:mixed
fsrcnn_ir_20260506T094028,2026-05-06T09:41:27,iGPU_OV,FSRCNN_x3.xml,320,180,540,1,idle,5,30,0.481,3.521,0.176,3.481,3.575,4.173,3.392,4.211,284.01,287.24,OV:GPU,29.3173,0.9247,synth:mixed
fsrcnn_ir_20260506T094028,2026-05-06T09:41:28,iGPU_OV,FSRCNN_x3.xml,480,270,810,1,idle,5,30,0.655,8.089,0.423,7.99,8.272,9.714,7.747,10.11,123.62,125.16,OV:GPU,31.2535,0.9437,synth:mixed
fsrcnn_ir_20260506T094028,2026-05-06T09:41:29,iGPU_OV,FSRCNN_x3.xml,640,360,1080,1,idle,5,30,0.903,15.187,0.656,15.104,15.362,17.683,14.698,18.573,65.84,66.21,OV:GPU,32.5291,0.9549,synth:mixed
fsrcnn_ir_20260506T094028,2026-05-06T09:41:31,iGPU_OV,FSRCNN_x3.xml,640,480,1440,1,idle,5,30,1.403,19.896,0.743,19.724,20.04,22.783,19.364,23.587,50.26,50.7,OV:GPU,33.9542,0.965,synth:mixed
fsrcnn_ir_20260506T094028,2026-05-06T09:41:34,iGPU_OV,FSRCNN_x3.xml,800,600,1800,1,idle,5,30,1.823,30.562,1.225,30.295,30.987,35.224,29.662,36.881,32.72,33.01,OV:GPU,34.7425,0.9699,synth:mixed
fsrcnn_ir_20260506T094028,2026-05-06T09:41:36,iGPU_OV,FSRCNN_x3.xml,960,540,1620,1,idle,5,30,1.618,32.863,1.12,32.646,32.909,37.147,32.298,38.821,30.43,30.63,OV:GPU,34.241,0.9669,synth:mixed
fsrcnn_ir_20260506T094028,2026-05-06T09:41:41,iGPU_OV,FSRCNN_x3.xml,1280,720,2160,1,idle,5,30,2.657,61.796,1.809,61.55,62.261,68.471,60.047,70.91,16.18,16.25,OV:GPU,35.5593,0.9742,synth:mixed
fsrcnn_ir_20260506T094028,2026-05-06T09:41:42,iGPU_OV,FSRCNN_x4.xml,128,72,288,1,idle,5,30,0.761,0.784,0.051,0.799,0.812,0.948,0.733,0.997,1275.78,1251.91,OV:GPU,26.9472,0.8639,synth:mixed
fsrcnn_ir_20260506T094028,2026-05-06T09:41:43,iGPU_OV,FSRCNN_x4.xml,256,144,576,1,idle,5,30,0.752,2.493,0.234,2.395,2.737,3.298,2.362,3.521,401.1,417.52,OV:GPU,27.3343,0.8715,synth:mixed
fsrcnn_ir_20260506T094028,2026-05-06T09:41:44,iGPU_OV,FSRCNN_x4.xml,320,180,720,1,idle,5,30,0.473,3.756,0.258,3.701,3.866,4.766,3.594,5.02,266.23,270.23,OV:GPU,28.2992,0.89,synth:mixed
fsrcnn_ir_20260506T094028,2026-05-06T09:41:45,iGPU_OV,FSRCNN_x4.xml,480,270,1080,1,idle,5,30,0.67,8.688,0.662,8.565,8.885,11.218,8.329,12.155,115.1,116.76,OV:GPU,30.3896,0.9217,synth:mixed
fsrcnn_ir_20260506T094028,2026-05-06T09:41:46,iGPU_OV,FSRCNN_x4.xml,640,360,1440,1,idle,5,30,0.974,16.746,0.786,16.611,16.866,19.731,16.187,20.848,59.72,60.2,OV:GPU,31.8191,0.9394,synth:mixed
fsrcnn_ir_20260506T094028,2026-05-06T09:41:49,iGPU_OV,FSRCNN_x4.xml,640,480,1920,1,idle,5,30,1.541,21.297,1.092,21.022,21.54,25.585,20.687,26.825,46.95,47.57,OV:GPU,33.4044,0.9551,synth:mixed
fsrcnn_ir_20260506T094028,2026-05-06T09:41:53,iGPU_OV,FSRCNN_x4.xml,960,540,2160,1,idle,5,30,1.715,35.935,1.696,35.511,36.622,42.449,34.744,44.411,27.83,28.16,OV:GPU,33.7301,0.9578,synth:mixed
fsrcnn_ir_20260506T094028,2026-05-06T09:41:55,CPU_OV,FSRCNN_x2.xml,128,72,144,1,cpu,5,30,0.145,1.343,0.178,1.442,1.46,1.462,0.788,1.463,744.46,693.39,OV:CPU,27.8032,0.9625,synth:mixed
fsrcnn_ir_20260506T094028,2026-05-06T09:41:56,CPU_OV,FSRCNN_x2.xml,256,144,288,1,cpu,5,30,0.252,3.908,1.277,3.724,5.408,8.082,2.306,8.951,255.87,268.55,OV:CPU,28.0628,0.9629,synth:mixed
fsrcnn_ir_20260506T094028,2026-05-06T09:41:56,CPU_OV,FSRCNN_x2.xml,320,180,360,1,cpu,5,30,0.297,5.285,0.872,5.035,6.663,6.952,4.191,7.003,189.23,198.61,OV:CPU,28.8042,0.9657,synth:mixed
fsrcnn_ir_20260506T094028,2026-05-06T09:41:57,CPU_OV,FSRCNN_x2.xml,480,270,540,1,cpu,5,30,0.482,10.378,4.154,9.557,12.779,25.797,6.71,30.002,96.36,104.64,OV:CPU,30.5841,0.9726,synth:mixed
fsrcnn_ir_20260506T094028,2026-05-06T09:41:58,CPU_OV,FSRCNN_x2.xml,640,360,720,1,cpu,5,30,0.892,21.687,2.918,21.197,25.291,30.421,17.111,31.168,46.11,47.18,OV:CPU,31.8315,0.9775,synth:mixed
fsrcnn_ir_20260506T094028,2026-05-06T09:41:59,CPU_OV,FSRCNN_x2.xml,640,480,960,1,cpu,5,30,1.279,32.475,3.412,31.766,37.154,39.484,26.465,39.794,30.79,31.48,OV:CPU,33.2794,0.982,synth:mixed
fsrcnn_ir_20260506T094028,2026-05-06T09:42:02,CPU_OV,FSRCNN_x2.xml,800,600,1200,1,cpu,5,30,1.876,49.217,7.032,49.755,58.883,62.849,39.455,64.319,20.32,20.1,OV:CPU,34.1184,0.9843,synth:mixed
fsrcnn_ir_20260506T094028,2026-05-06T09:42:04,CPU_OV,FSRCNN_x2.xml,960,540,1080,1,cpu,5,30,1.894,50.601,6.039,49.522,57.969,62.085,40.999,62.103,19.76,20.19,OV:CPU,33.586,0.9829,synth:mixed
fsrcnn_ir_20260506T094028,2026-05-06T09:42:08,CPU_OV,FSRCNN_x2.xml,1280,720,1440,1,cpu,5,30,3.487,95.857,3.975,95.758,101.995,102.854,88.888,103.174,10.43,10.44,OV:CPU,35.0188,0.9863,synth:mixed
fsrcnn_ir_20260506T094028,2026-05-06T09:42:16,CPU_OV,FSRCNN_x2.xml,1920,1080,2160,1,cpu,5,30,6.28,173.457,9.345,172.079,182.585,194.896,159.038,196.024,5.77,5.81,OV:CPU,36.6255,0.9893,synth:mixed
fsrcnn_ir_20260506T094028,2026-05-06T09:42:16,CPU_OV,FSRCNN_x3.xml,128,72,216,1,cpu,5,30,0.148,1.497,0.161,1.558,1.584,1.593,0.861,1.596,667.98,641.94,OV:CPU,28.1145,0.911,synth:mixed
fsrcnn_ir_20260506T094028,2026-05-06T09:42:17,CPU_OV,FSRCNN_x3.xml,256,144,432,1,cpu,5,30,0.264,4.216,1.199,3.563,5.838,7.091,2.923,7.343,237.17,280.69,OV:CPU,28.4616,0.9149,synth:mixed
fsrcnn_ir_20260506T094028,2026-05-06T09:42:17,CPU_OV,FSRCNN_x3.xml,320,180,540,1,cpu,5,30,0.329,5.715,0.664,5.598,6.601,7.094,4.269,7.228,174.97,178.63,OV:CPU,29.299,0.9251,synth:mixed
fsrcnn_ir_20260506T094028,2026-05-06T09:42:18,CPU_OV,FSRCNN_x3.xml,480,270,810,1,cpu,5,30,0.627,14.024,6.011,11.956,18.033,35.612,9.745,38.365,71.31,83.64,OV:CPU,31.2427,0.9442,synth:mixed
fsrcnn_ir_20260506T094028,2026-05-06T09:42:19,CPU_OV,FSRCNN_x3.xml,640,360,1080,1,cpu,5,30,0.961,24.703,3.497,23.957,31.191,32.467,20.34,32.578,40.48,41.74,OV:CPU,32.5328,0.9555,synth:mixed
fsrcnn_ir_20260506T094028,2026-05-06T09:42:21,CPU_OV,FSRCNN_x3.xml,640,480,1440,1,cpu,5,30,1.268,32.29,4.326,32.145,38.648,41.471,24.386,42.088,30.97,31.11,OV:CPU,33.9816,0.9658,synth:mixed
fsrcnn_ir_20260506T094028,2026-05-06T09:42:24,CPU_OV,FSRCNN_x3.xml,800,600,1800,1,cpu,5,30,1.737,45.537,4.393,44.833,49.698,59.601,39.365,61.074,21.96,22.31,OV:CPU,34.791,0.9707,synth:mixed
fsrcnn_ir_20260506T094028,2026-05-06T09:42:27,CPU_OV,FSRCNN_x3.xml,960,540,1620,1,cpu,5,30,2.154,57.71,5.775,57.062,63.479,71.065,47.43,71.266,17.33,17.52,OV:CPU,34.2775,0.9677,synth:mixed
fsrcnn_ir_20260506T094028,2026-05-06T09:42:33,CPU_OV,FSRCNN_x3.xml,1280,720,2160,1,cpu,5,30,3.549,95.614,5.677,95.32,103.076,107.32,81.476,108.839,10.46,10.49,OV:CPU,35.6323,0.9751,synth:mixed
fsrcnn_ir_20260506T094028,2026-05-06T09:42:33,CPU_OV,FSRCNN_x4.xml,128,72,288,1,cpu,5,30,0.215,3.304,4.206,1.264,7.856,17.079,1.19,17.879,302.67,791.31,OV:CPU,26.922,0.8626,synth:mixed
fsrcnn_ir_20260506T094028,2026-05-06T09:42:34,CPU_OV,FSRCNN_x4.xml,256,144,576,1,cpu,5,30,0.262,3.819,0.608,3.673,4.498,5.657,3.188,5.724,261.83,272.28,OV:CPU,27.3091,0.8706,synth:mixed
fsrcnn_ir_20260506T094028,2026-05-06T09:42:34,CPU_OV,FSRCNN_x4.xml,320,180,720,1,cpu,5,30,0.371,7.456,1.323,7.874,8.926,9.322,4.616,9.439,134.12,126.99,OV:CPU,28.2678,0.8889,synth:mixed
fsrcnn_ir_20260506T094028,2026-05-06T09:42:35,CPU_OV,FSRCNN_x4.xml,480,270,1080,1,cpu,5,30,0.557,11.566,1.75,11.243,13.43,16.343,8.956,16.781,86.46,88.95,OV:CPU,30.3402,0.9206,synth:mixed
fsrcnn_ir_20260506T094028,2026-05-06T09:42:37,CPU_OV,FSRCNN_x4.xml,640,360,1440,1,cpu,5,30,0.956,23.826,3.046,23.017,27.645,31.511,19.624,32.028,41.97,43.45,OV:CPU,31.7476,0.9383,synth:mixed
fsrcnn_ir_20260506T094028,2026-05-06T09:42:39,CPU_OV,FSRCNN_x4.xml,640,480,1920,1,cpu,5,30,1.179,29.83,3.641,28.745,33.378,39.65,24.86,39.902,33.52,34.79,OV:CPU,33.297,0.9539,synth:mixed
fsrcnn_ir_20260506T094028,2026-05-06T09:42:43,CPU_OV,FSRCNN_x4.xml,960,540,2160,1,cpu,5,30,2.048,54.356,3.967,53.324,59.882,65.143,47.877,66.486,18.4,18.75,OV:CPU,33.6125,0.9567,synth:mixed
fsrcnn_ir_20260506T094028,2026-05-06T09:42:44,iGPU_OV,FSRCNN_x2.xml,128,72,144,1,cpu,5,30,0.547,0.706,0.025,0.693,0.735,0.776,0.684,0.784,1415.96,1443.68,OV:GPU,27.7993,0.9628,synth:mixed
fsrcnn_ir_20260506T094028,2026-05-06T09:42:44,iGPU_OV,FSRCNN_x2.xml,256,144,288,1,cpu,5,30,0.477,2.146,0.025,2.137,2.162,2.238,2.126,2.266,466.03,467.86,OV:GPU,28.0624,0.9633,synth:mixed
fsrcnn_ir_20260506T094028,2026-05-06T09:42:45,iGPU_OV,FSRCNN_x2.xml,320,180,360,1,cpu,5,30,0.535,3.478,0.062,3.48,3.55,3.633,3.385,3.657,287.55,287.36,OV:GPU,28.8046,0.9662,synth:mixed
fsrcnn_ir_20260506T094028,2026-05-06T09:42:46,iGPU_OV,FSRCNN_x2.xml,480,270,540,1,cpu,5,30,0.742,7.817,0.244,7.745,8.079,8.631,7.642,8.727,127.92,129.11,OV:GPU,30.5745,0.9734,synth:mixed
fsrcnn_ir_20260506T094028,2026-05-06T09:42:47,iGPU_OV,FSRCNN_x2.xml,640,360,720,1,cpu,5,30,0.926,14.171,0.233,14.158,14.391,14.873,13.914,15.006,70.56,70.63,OV:GPU,31.8106,0.9784,synth:mixed
fsrcnn_ir_20260506T094028,2026-05-06T09:42:49,iGPU_OV,FSRCNN_x2.xml,640,480,960,1,cpu,5,30,1.099,18.764,0.278,18.688,19.097,19.618,18.482,19.731,53.29,53.51,OV:GPU,33.2417,0.983,synth:mixed
fsrcnn_ir_20260506T094028,2026-05-06T09:42:51,iGPU_OV,FSRCNN_x2.xml,800,600,1200,1,cpu,5,30,1.473,29.216,0.582,29.008,29.938,30.644,28.44,30.785,34.23,34.47,OV:GPU,34.0717,0.9854,synth:mixed
fsrcnn_ir_20260506T094028,2026-05-06T09:42:53,iGPU_OV,FSRCNN_x2.xml,960,540,1080,1,cpu,5,30,1.637,32.514,0.503,32.384,33.034,33.917,31.746,34.198,30.76,30.88,OV:GPU,33.5466,0.984,synth:mixed
fsrcnn_ir_20260506T094028,2026-05-06T09:42:56,iGPU_OV,FSRCNN_x2.xml,1280,720,1440,1,cpu,5,30,2.504,57.092,0.693,56.957,57.786,59.347,56.262,59.943,17.52,17.56,OV:GPU,34.9542,0.9875,synth:mixed
fsrcnn_ir_20260506T094028,2026-05-06T09:43:03,iGPU_OV,FSRCNN_x2.xml,1920,1080,2160,1,cpu,5,30,4.995,125.137,1.537,124.68,126.275,130.593,123.271,132.122,7.99,8.02,OV:GPU,36.5282,0.9906,synth:mixed
fsrcnn_ir_20260506T094028,2026-05-06T09:43:03,iGPU_OV,FSRCNN_x3.xml,128,72,216,1,cpu,5,30,0.516,0.642,0.033,0.622,0.665,0.733,0.613,0.74,1557.62,1607.29,OV:GPU,28.1355,0.9103,synth:mixed
fsrcnn_ir_20260506T094028,2026-05-06T09:43:04,iGPU_OV,FSRCNN_x3.xml,256,144,432,1,cpu,5,30,0.495,2.317,0.063,2.303,2.324,2.562,2.273,2.636,431.64,434.24,OV:GPU,28.482,0.9144,synth:mixed
fsrcnn_ir_20260506T094028,2026-05-06T09:43:05,iGPU_OV,FSRCNN_x3.xml,320,180,540,1,cpu,5,30,0.528,3.681,0.112,3.657,3.774,4.027,3.568,4.045,271.7,273.43,OV:GPU,29.3173,0.9247,synth:mixed
fsrcnn_ir_20260506T094028,2026-05-06T09:43:06,iGPU_OV,FSRCNN_x3.xml,480,270,810,1,cpu,5,30,0.711,8.243,0.21,8.177,8.367,9.041,8.099,9.212,121.32,122.29,OV:GPU,31.2535,0.9437,synth:mixed
fsrcnn_ir_20260506T094028,2026-05-06T09:43:07,iGPU_OV,FSRCNN_x3.xml,640,360,1080,1,cpu,5,30,0.972,15.22,0.446,15.075,15.486,16.916,14.949,17.422,65.7,66.33,OV:GPU,32.5291,0.9549,synth:mixed
fsrcnn_ir_20260506T094028,2026-05-06T09:43:09,iGPU_OV,FSRCNN_x3.xml,640,480,1440,1,cpu,5,30,1.151,20.039,0.392,19.981,20.208,21.51,19.747,21.993,49.9,50.05,OV:GPU,33.9542,0.965,synth:mixed
fsrcnn_ir_20260506T094028,2026-05-06T09:43:12,iGPU_OV,FSRCNN_x3.xml,800,600,1800,1,cpu,5,30,1.541,31.001,0.733,30.866,31.192,33.748,30.367,34.709,32.26,32.4,OV:GPU,34.7425,0.9699,synth:mixed
fsrcnn_ir_20260506T094028,2026-05-06T09:43:14,iGPU_OV,FSRCNN_x3.xml,960,540,1620,1,cpu,5,30,1.742,35.437,2.342,34.241,39.271,40.683,33.106,40.952,28.22,29.2,OV:GPU,34.241,0.9669,synth:mixed
fsrcnn_ir_20260506T094028,2026-05-06T09:43:19,iGPU_OV,FSRCNN_x3.xml,1280,720,2160,1,cpu,5,30,2.688,60.952,1.377,60.619,61.533,66.213,60.105,67.832,16.41,16.5,OV:GPU,35.5593,0.9742,synth:mixed
fsrcnn_ir_20260506T094028,2026-05-06T09:43:20,iGPU_OV,FSRCNN_x4.xml,128,72,288,1,cpu,5,30,0.511,0.685,0.039,0.663,0.73,0.803,0.652,0.828,1460.61,1509.39,OV:GPU,26.9472,0.8639,synth:mixed
fsrcnn_ir_20260506T094028,2026-05-06T09:43:20,iGPU_OV,FSRCNN_x4.xml,256,144,576,1,cpu,5,30,0.495,2.56,0.082,2.538,2.574,2.887,2.521,2.981,390.6,394.0,OV:GPU,27.3343,0.8715,synth:mixed
fsrcnn_ir_20260506T094028,2026-05-06T09:43:21,iGPU_OV,FSRCNN_x4.xml,320,180,720,1,cpu,5,30,0.56,3.936,0.142,3.921,3.963,4.473,3.84,4.667,254.08,255.01,OV:GPU,28.2992,0.89,synth:mixed
fsrcnn_ir_20260506T094028,2026-05-06T09:43:22,iGPU_OV,FSRCNN_x4.xml,480,270,1080,1,cpu,5,30,0.747,9.066,0.369,8.951,9.299,10.344,8.765,10.553,110.3,111.72,OV:GPU,30.3896,0.9217,synth:mixed
fsrcnn_ir_20260506T094028,2026-05-06T09:43:24,iGPU_OV,FSRCNN_x4.xml,640,360,1440,1,cpu,5,30,1.052,17.26,0.557,17.153,17.766,19.189,16.628,19.603,57.94,58.3,OV:GPU,31.8191,0.9394,synth:mixed
fsrcnn_ir_20260506T094028,2026-05-06T09:43:27,iGPU_OV,FSRCNN_x4.xml,640,480,1920,1,cpu,5,30,1.221,21.701,0.882,21.495,22.014,25.14,21.174,26.21,46.08,46.52,OV:GPU,33.4044,0.9551,synth:mixed
fsrcnn_ir_20260506T094028,2026-05-06T09:43:30,iGPU_OV,FSRCNN_x4.xml,960,540,2160,1,cpu,5,30,1.795,36.087,1.633,35.757,36.363,42.425,35.29,44.667,27.71,27.97,OV:GPU,33.7301,0.9578,synth:mixed
fsrcnn_ir_20260506T094028,2026-05-06T09:43:32,CPU_OV,FSRCNN_x2.xml,128,72,144,1,igpu,5,30,0.087,0.244,0.022,0.235,0.267,0.316,0.229,0.324,4099.66,4263.93,OV:CPU,27.8032,0.9625,synth:mixed
fsrcnn_ir_20260506T094028,2026-05-06T09:43:32,CPU_OV,FSRCNN_x2.xml,256,144,288,1,igpu,5,30,0.123,0.937,0.177,0.872,1.15,1.504,0.799,1.589,1066.89,1146.46,OV:CPU,28.0628,0.9629,synth:mixed
fsrcnn_ir_20260506T094028,2026-05-06T09:43:33,CPU_OV,FSRCNN_x2.xml,320,180,360,1,igpu,5,30,0.176,2.414,0.407,2.447,2.814,3.124,1.384,3.158,414.33,408.73,OV:CPU,28.8042,0.9657,synth:mixed
fsrcnn_ir_20260506T094028,2026-05-06T09:43:33,CPU_OV,FSRCNN_x2.xml,480,270,540,1,igpu,5,30,0.255,4.705,1.003,4.584,5.433,8.215,3.349,9.02,212.54,218.15,OV:CPU,30.5841,0.9726,synth:mixed
fsrcnn_ir_20260506T094028,2026-05-06T09:43:34,CPU_OV,FSRCNN_x2.xml,640,360,720,1,igpu,5,30,0.503,11.589,0.766,11.695,12.49,13.088,9.805,13.109,86.29,85.51,OV:CPU,31.8315,0.9775,synth:mixed
fsrcnn_ir_20260506T094028,2026-05-06T09:43:35,CPU_OV,FSRCNN_x2.xml,640,480,960,1,igpu,5,30,0.71,17.625,1.366,17.413,19.434,21.047,15.014,21.268,56.74,57.43,OV:CPU,33.2794,0.982,synth:mixed
fsrcnn_ir_20260506T094028,2026-05-06T09:43:36,CPU_OV,FSRCNN_x2.xml,800,600,1200,1,igpu,5,30,1.191,31.346,1.222,31.266,32.757,34.455,29.466,34.861,31.9,31.98,OV:CPU,34.1184,0.9843,synth:mixed
fsrcnn_ir_20260506T094028,2026-05-06T09:43:38,CPU_OV,FSRCNN_x2.xml,960,540,1080,1,igpu,5,30,1.211,31.6,1.211,31.482,32.914,34.395,29.142,34.46,31.65,31.76,OV:CPU,33.586,0.9829,synth:mixed
fsrcnn_ir_20260506T094028,2026-05-06T09:43:41,CPU_OV,FSRCNN_x2.xml,1280,720,1440,1,igpu,5,30,2.13,57.594,1.448,57.749,59.397,60.217,54.533,60.285,17.36,17.32,OV:CPU,35.0188,0.9863,synth:mixed
fsrcnn_ir_20260506T094028,2026-05-06T09:43:47,CPU_OV,FSRCNN_x2.xml,1920,1080,2160,1,igpu,5,30,4.738,130.711,4.763,129.452,134.482,147.954,126.483,149.377,7.65,7.72,OV:CPU,36.6255,0.9893,synth:mixed
fsrcnn_ir_20260506T094028,2026-05-06T09:43:48,CPU_OV,FSRCNN_x3.xml,128,72,216,1,igpu,5,30,0.087,0.261,0.005,0.259,0.266,0.276,0.255,0.279,3830.89,3854.02,OV:CPU,28.1145,0.911,synth:mixed
fsrcnn_ir_20260506T094028,2026-05-06T09:43:48,CPU_OV,FSRCNN_x3.xml,256,144,432,1,igpu,5,30,0.124,1.141,0.439,0.945,1.467,2.785,0.911,3.108,876.63,1058.64,OV:CPU,28.4616,0.9149,synth:mixed
fsrcnn_ir_20260506T094028,2026-05-06T09:43:48,CPU_OV,FSRCNN_x3.xml,320,180,540,1,igpu,5,30,0.182,2.708,0.433,2.818,3.105,3.438,1.489,3.503,369.25,354.8,OV:CPU,29.299,0.9251,synth:mixed
fsrcnn_ir_20260506T094028,2026-05-06T09:43:49,CPU_OV,FSRCNN_x3.xml,480,270,810,1,igpu,5,30,0.282,5.158,1.201,4.67,7.323,7.785,3.843,7.884,193.89,214.12,OV:CPU,31.2427,0.9442,synth:mixed
fsrcnn_ir_20260506T094028,2026-05-06T09:43:50,CPU_OV,FSRCNN_x3.xml,640,360,1080,1,igpu,5,30,0.559,13.063,1.353,12.873,13.977,17.807,11.269,18.707,76.55,77.68,OV:CPU,32.5328,0.9555,synth:mixed
fsrcnn_ir_20260506T094028,2026-05-06T09:43:51,CPU_OV,FSRCNN_x3.xml,640,480,1440,1,igpu,5,30,0.873,22.333,3.772,21.627,28.542,29.642,16.534,29.654,44.78,46.24,OV:CPU,33.9816,0.9658,synth:mixed
fsrcnn_ir_20260506T094028,2026-05-06T09:43:54,CPU_OV,FSRCNN_x3.xml,800,600,1800,1,igpu,5,30,1.343,34.993,4.671,33.673,41.121,48.456,30.486,49.942,28.58,29.7,OV:CPU,34.791,0.9707,synth:mixed
fsrcnn_ir_20260506T094028,2026-05-06T09:43:56,CPU_OV,FSRCNN_x3.xml,960,540,1620,1,igpu,5,30,1.338,35.093,3.063,34.556,36.882,45.728,32.053,47.145,28.5,28.94,OV:CPU,34.2775,0.9677,synth:mixed
fsrcnn_ir_20260506T094028,2026-05-06T09:44:00,CPU_OV,FSRCNN_x3.xml,1280,720,2160,1,igpu,5,30,2.358,63.546,3.18,62.611,68.645,71.274,59.028,71.35,15.74,15.97,OV:CPU,35.6323,0.9751,synth:mixed
fsrcnn_ir_20260506T094028,2026-05-06T09:44:00,CPU_OV,FSRCNN_x4.xml,128,72,288,1,igpu,5,30,0.088,0.293,0.039,0.285,0.294,0.443,0.279,0.499,3408.86,3508.19,OV:CPU,26.922,0.8626,synth:mixed
fsrcnn_ir_20260506T094028,2026-05-06T09:44:01,CPU_OV,FSRCNN_x4.xml,256,144,576,1,igpu,5,30,0.134,1.414,0.411,1.274,2.128,2.371,0.971,2.377,707.39,785.15,OV:CPU,27.3091,0.8706,synth:mixed
fsrcnn_ir_20260506T094028,2026-05-06T09:44:01,CPU_OV,FSRCNN_x4.xml,320,180,720,1,igpu,5,30,0.169,2.319,0.604,2.253,3.142,3.499,1.521,3.507,431.25,443.81,OV:CPU,28.2678,0.8889,synth:mixed
fsrcnn_ir_20260506T094028,2026-05-06T09:44:02,CPU_OV,FSRCNN_x4.xml,480,270,1080,1,igpu,5,30,0.302,5.83,0.803,5.919,6.572,7.807,4.511,8.138,171.53,168.94,OV:CPU,30.3402,0.9206,synth:mixed
fsrcnn_ir_20260506T094028,2026-05-06T09:44:03,CPU_OV,FSRCNN_x4.xml,640,360,1440,1,igpu,5,30,0.617,14.676,1.15,14.544,15.162,18.832,12.828,19.783,68.14,68.76,OV:CPU,31.7476,0.9383,synth:mixed
fsrcnn_ir_20260506T094028,2026-05-06T09:44:05,CPU_OV,FSRCNN_x4.xml,640,480,1920,1,igpu,5,30,0.815,20.129,1.08,19.922,21.212,23.283,17.946,23.626,49.68,50.19,OV:CPU,33.297,0.9539,synth:mixed
fsrcnn_ir_20260506T094028,2026-05-06T09:44:08,CPU_OV,FSRCNN_x4.xml,960,540,2160,1,igpu,5,30,1.397,36.174,1.466,35.876,37.874,41.017,34.378,42.05,27.64,27.87,OV:CPU,33.6125,0.9567,synth:mixed
fsrcnn_ir_20260506T094028,2026-05-06T09:44:09,iGPU_OV,FSRCNN_x2.xml,128,72,144,1,igpu,5,30,0.486,0.664,0.032,0.643,0.698,0.739,0.63,0.742,1506.43,1554.54,OV:GPU,27.7993,0.9628,synth:mixed
fsrcnn_ir_20260506T094028,2026-05-06T09:44:09,iGPU_OV,FSRCNN_x2.xml,256,144,288,1,igpu,5,30,0.411,2.054,0.043,2.04,2.084,2.218,2.027,2.266,486.82,490.14,OV:GPU,28.0624,0.9633,synth:mixed
fsrcnn_ir_20260506T094028,2026-05-06T09:44:10,iGPU_OV,FSRCNN_x2.xml,320,180,360,1,igpu,5,30,0.464,3.318,0.146,3.287,3.386,3.874,3.21,3.982,301.35,304.21,OV:GPU,28.8046,0.9662,synth:mixed
fsrcnn_ir_20260506T094028,2026-05-06T09:44:11,iGPU_OV,FSRCNN_x2.xml,480,270,540,1,igpu,5,30,0.622,7.651,0.231,7.578,7.829,8.421,7.419,8.461,130.7,131.96,OV:GPU,30.5745,0.9734,synth:mixed
fsrcnn_ir_20260506T094028,2026-05-06T09:44:12,iGPU_OV,FSRCNN_x2.xml,640,360,720,1,igpu,5,30,0.85,13.847,0.427,13.697,14.242,15.403,13.493,15.797,72.22,73.01,OV:GPU,31.8106,0.9784,synth:mixed
fsrcnn_ir_20260506T094028,2026-05-06T09:44:13,iGPU_OV,FSRCNN_x2.xml,640,480,960,1,igpu,5,30,1.012,18.474,0.586,18.332,18.653,20.757,17.999,21.344,54.13,54.55,OV:GPU,33.2417,0.983,synth:mixed
fsrcnn_ir_20260506T094028,2026-05-06T09:44:15,iGPU_OV,FSRCNN_x2.xml,800,600,1200,1,igpu,5,30,1.409,28.726,1.475,28.311,28.697,34.372,27.986,34.645,34.81,35.32,OV:GPU,34.0717,0.9854,synth:mixed
fsrcnn_ir_20260506T094028,2026-05-06T09:44:17,iGPU_OV,FSRCNN_x2.xml,960,540,1080,1,igpu,5,30,1.533,32.863,1.239,32.346,33.748,37.068,31.69,37.316,30.43,30.92,OV:GPU,33.5466,0.984,synth:mixed
fsrcnn_ir_20260506T094028,2026-05-06T09:44:20,iGPU_OV,FSRCNN_x2.xml,1280,720,1440,1,igpu,5,30,2.49,57.891,1.107,57.666,58.983,60.952,55.989,61.577,17.27,17.34,OV:GPU,34.9542,0.9875,synth:mixed
fsrcnn_ir_20260506T094028,2026-05-06T09:44:27,iGPU_OV,FSRCNN_x2.xml,1920,1080,2160,1,igpu,5,30,4.879,124.206,2.4,123.958,124.953,133.242,121.446,136.225,8.05,8.07,OV:GPU,36.5282,0.9906,synth:mixed
fsrcnn_ir_20260506T094028,2026-05-06T09:44:28,iGPU_OV,FSRCNN_x3.xml,128,72,216,1,igpu,5,30,0.418,0.583,0.032,0.583,0.609,0.689,0.551,0.717,1714.5,1714.16,OV:GPU,28.1355,0.9103,synth:mixed
fsrcnn_ir_20260506T094028,2026-05-06T09:44:29,iGPU_OV,FSRCNN_x3.xml,256,144,432,1,igpu,5,30,0.423,2.207,0.081,2.185,2.219,2.53,2.158,2.616,453.12,457.64,OV:GPU,28.482,0.9144,synth:mixed
fsrcnn_ir_20260506T094028,2026-05-06T09:44:29,iGPU_OV,FSRCNN_x3.xml,320,180,540,1,igpu,5,30,0.476,3.68,0.206,3.638,3.856,4.345,3.405,4.386,271.73,274.87,OV:GPU,29.3173,0.9247,synth:mixed
fsrcnn_ir_20260506T094028,2026-05-06T09:44:30,iGPU_OV,FSRCNN_x3.xml,480,270,810,1,igpu,5,30,0.655,8.183,0.474,8.08,8.344,9.968,7.818,10.462,122.2,123.77,OV:GPU,31.2535,0.9437,synth:mixed
fsrcnn_ir_20260506T094028,2026-05-06T09:44:32,iGPU_OV,FSRCNN_x3.xml,640,360,1080,1,igpu,5,30,0.922,15.213,0.529,15.093,15.583,17.163,14.743,17.509,65.73,66.26,OV:GPU,32.5291,0.9549,synth:mixed
fsrcnn_ir_20260506T094028,2026-05-06T09:44:33,iGPU_OV,FSRCNN_x3.xml,640,480,1440,1,igpu,5,30,1.211,22.461,2.208,22.825,25.28,27.059,19.588,27.623,44.52,43.81,OV:GPU,33.9542,0.965,synth:mixed
fsrcnn_ir_20260506T094028,2026-05-06T09:44:36,iGPU_OV,FSRCNN_x3.xml,800,600,1800,1,igpu,5,30,1.49,31.264,1.175,31.049,31.623,35.73,30.397,37.21,31.99,32.21,OV:GPU,34.7425,0.9699,synth:mixed
fsrcnn_ir_20260506T094028,2026-05-06T09:44:39,iGPU_OV,FSRCNN_x3.xml,960,540,1620,1,igpu,5,30,1.605,33.358,1.487,33.005,33.779,39.038,32.334,41.049,29.98,30.3,OV:GPU,34.241,0.9669,synth:mixed
fsrcnn_ir_20260506T094028,2026-05-06T09:44:43,iGPU_OV,FSRCNN_x3.xml,1280,720,2160,1,igpu,5,30,2.679,61.948,2.196,61.751,62.349,70.083,59.631,70.802,16.14,16.19,OV:GPU,35.5593,0.9742,synth:mixed
fsrcnn_ir_20260506T094028,2026-05-06T09:44:44,iGPU_OV,FSRCNN_x4.xml,128,72,288,1,igpu,5,30,0.449,0.729,0.096,0.692,0.785,1.089,0.671,1.16,1372.29,1444.87,OV:GPU,26.9472,0.8639,synth:mixed
fsrcnn_ir_20260506T094028,2026-05-06T09:44:45,iGPU_OV,FSRCNN_x4.xml,256,144,576,1,igpu,5,30,0.429,2.433,0.139,2.394,2.525,2.961,2.36,3.122,410.98,417.79,OV:GPU,27.3343,0.8715,synth:mixed
fsrcnn_ir_20260506T094028,2026-05-06T09:44:45,iGPU_OV,FSRCNN_x4.xml,320,180,720,1,igpu,5,30,0.496,3.837,0.267,3.794,4.043,4.789,3.578,5.028,260.65,263.58,OV:GPU,28.2992,0.89,synth:mixed
fsrcnn_ir_20260506T094028,2026-05-06T09:44:46,iGPU_OV,FSRCNN_x4.xml,480,270,1080,1,igpu,5,30,0.67,8.731,0.717,8.542,8.904,11.531,8.271,12.434,114.53,117.07,OV:GPU,30.3896,0.9217,synth:mixed
fsrcnn_ir_20260506T094028,2026-05-06T09:44:48,iGPU_OV,FSRCNN_x4.xml,640,360,1440,1,igpu,5,30,0.971,16.854,1.065,16.606,16.901,21.071,16.253,22.341,59.33,60.22,OV:GPU,31.8191,0.9394,synth:mixed
fsrcnn_ir_20260506T094028,2026-05-06T09:44:50,iGPU_OV,FSRCNN_x4.xml,640,480,1920,1,igpu,5,30,1.149,21.521,0.917,21.249,22.202,24.858,20.8,25.778,46.47,47.06,OV:GPU,33.4044,0.9551,synth:mixed
fsrcnn_ir_20260506T094028,2026-05-06T09:44:54,iGPU_OV,FSRCNN_x4.xml,960,540,2160,1,igpu,5,30,1.71,35.792,1.694,35.508,35.964,42.358,34.883,44.709,27.94,28.16,OV:GPU,33.7301,0.9578,synth:mixed
fsrcnn_ir_20260506T094028,2026-05-06T09:44:56,CPU_OV,FSRCNN_x2.xml,128,72,144,1,dgpu,5,30,0.096,0.405,0.023,0.407,0.416,0.431,0.287,0.431,2468.74,2458.46,OV:CPU,27.8032,0.9625,synth:mixed
fsrcnn_ir_20260506T094028,2026-05-06T09:44:57,CPU_OV,FSRCNN_x2.xml,256,144,288,1,dgpu,5,30,0.142,1.505,0.105,1.498,1.524,1.77,1.099,1.802,664.59,667.53,OV:CPU,28.0628,0.9629,synth:mixed
fsrcnn_ir_20260506T094028,2026-05-06T09:44:57,CPU_OV,FSRCNN_x2.xml,320,180,360,1,dgpu,5,30,0.17,2.364,0.18,2.342,2.582,2.814,1.982,2.881,422.98,426.97,OV:CPU,28.8042,0.9657,synth:mixed
fsrcnn_ir_20260506T094028,2026-05-06T09:44:57,CPU_OV,FSRCNN_x2.xml,480,270,540,1,dgpu,5,30,0.319,6.485,0.616,6.349,7.149,7.971,5.701,7.98,154.21,157.51,OV:CPU,30.5841,0.9726,synth:mixed
fsrcnn_ir_20260506T094028,2026-05-06T09:44:58,CPU_OV,FSRCNN_x2.xml,640,360,720,1,dgpu,5,30,0.698,17.607,4.289,15.615,24.932,28.068,11.49,28.94,56.8,64.04,OV:CPU,31.8315,0.9775,synth:mixed
fsrcnn_ir_20260506T094028,2026-05-06T09:45:00,CPU_OV,FSRCNN_x2.xml,640,480,960,1,dgpu,5,30,0.938,24.151,2.62,23.693,28.878,29.15,20.73,29.175,41.41,42.21,OV:CPU,33.2794,0.982,synth:mixed
fsrcnn_ir_20260506T094028,2026-05-06T09:45:01,CPU_OV,FSRCNN_x2.xml,800,600,1200,1,dgpu,5,30,1.449,38.112,2.595,38.285,41.061,43.1,32.996,43.427,26.24,26.12,OV:CPU,34.1184,0.9843,synth:mixed
fsrcnn_ir_20260506T094028,2026-05-06T09:45:03,CPU_OV,FSRCNN_x2.xml,960,540,1080,1,dgpu,5,30,1.517,40.477,2.057,40.98,43.175,44.116,35.936,44.282,24.71,24.4,OV:CPU,33.586,0.9829,synth:mixed
fsrcnn_ir_20260506T094028,2026-05-06T09:45:07,CPU_OV,FSRCNN_x2.xml,1280,720,1440,1,dgpu,5,30,2.607,71.177,5.779,70.823,77.61,86.483,62.048,87.477,14.05,14.12,OV:CPU,35.0188,0.9863,synth:mixed
fsrcnn_ir_20260506T094028,2026-05-06T09:45:14,CPU_OV,FSRCNN_x2.xml,1920,1080,2160,1,dgpu,5,30,5.442,150.36,3.513,149.473,154.383,160.116,145.757,161.757,6.65,6.69,OV:CPU,36.6255,0.9893,synth:mixed
fsrcnn_ir_20260506T094028,2026-05-06T09:45:14,CPU_OV,FSRCNN_x3.xml,128,72,216,1,dgpu,5,30,0.1,0.45,0.052,0.44,0.478,0.632,0.354,0.649,2223.51,2272.14,OV:CPU,28.1145,0.911,synth:mixed
fsrcnn_ir_20260506T094028,2026-05-06T09:45:15,CPU_OV,FSRCNN_x3.xml,256,144,432,1,dgpu,5,30,0.146,1.646,0.155,1.657,1.792,1.879,1.136,1.897,607.47,603.52,OV:CPU,28.4616,0.9149,synth:mixed
fsrcnn_ir_20260506T094028,2026-05-06T09:45:15,CPU_OV,FSRCNN_x3.xml,320,180,540,1,dgpu,5,30,0.186,2.816,0.336,2.838,3.205,3.36,1.625,3.397,355.14,352.42,OV:CPU,29.299,0.9251,synth:mixed
fsrcnn_ir_20260506T094028,2026-05-06T09:45:16,CPU_OV,FSRCNN_x3.xml,480,270,810,1,dgpu,5,30,0.341,6.993,0.567,6.948,7.529,7.942,4.754,8.008,143.01,143.93,OV:CPU,31.2427,0.9442,synth:mixed
fsrcnn_ir_20260506T094028,2026-05-06T09:45:17,CPU_OV,FSRCNN_x3.xml,640,360,1080,1,dgpu,5,30,0.772,19.341,2.703,18.805,23.424,25.976,15.638,26.287,51.7,53.18,OV:CPU,32.5328,0.9555,synth:mixed
fsrcnn_ir_20260506T094028,2026-05-06T09:45:18,CPU_OV,FSRCNN_x3.xml,640,480,1440,1,dgpu,5,30,1.05,26.909,2.569,26.385,29.944,33.395,23.322,34.453,37.16,37.9,OV:CPU,33.9816,0.9658,synth:mixed
fsrcnn_ir_20260506T094028,2026-05-06T09:45:21,CPU_OV,FSRCNN_x3.xml,800,600,1800,1,dgpu,5,30,1.522,40.137,3.204,39.222,45.123,45.914,34.389,46.072,24.91,25.5,OV:CPU,34.791,0.9707,synth:mixed
fsrcnn_ir_20260506T094028,2026-05-06T09:45:24,CPU_OV,FSRCNN_x3.xml,960,540,1620,1,dgpu,5,30,1.608,42.797,2.654,42.793,46.189,48.17,35.157,48.746,23.37,23.37,OV:CPU,34.2775,0.9677,synth:mixed
fsrcnn_ir_20260506T094028,2026-05-06T09:45:29,CPU_OV,FSRCNN_x3.xml,1280,720,2160,1,dgpu,5,30,2.721,73.828,3.592,73.799,78.672,81.618,66.965,82.433,13.54,13.55,OV:CPU,35.6323,0.9751,synth:mixed
fsrcnn_ir_20260506T094028,2026-05-06T09:45:29,CPU_OV,FSRCNN_x4.xml,128,72,288,1,dgpu,5,30,0.104,0.491,0.059,0.473,0.499,0.716,0.438,0.734,2035.13,2115.82,OV:CPU,26.922,0.8626,synth:mixed
fsrcnn_ir_20260506T094028,2026-05-06T09:45:29,CPU_OV,FSRCNN_x4.xml,256,144,576,1,dgpu,5,30,0.153,1.842,0.276,1.831,2.147,2.564,1.033,2.653,542.78,546.17,OV:CPU,27.3091,0.8706,synth:mixed
fsrcnn_ir_20260506T094028,2026-05-06T09:45:30,CPU_OV,FSRCNN_x4.xml,320,180,720,1,dgpu,5,30,0.212,3.114,0.506,3.054,3.545,4.584,1.954,4.767,321.15,327.39,OV:CPU,28.2678,0.8889,synth:mixed
fsrcnn_ir_20260506T094028,2026-05-06T09:45:30,CPU_OV,FSRCNN_x4.xml,480,270,1080,1,dgpu,5,30,0.417,9.126,1.491,8.851,10.891,13.247,5.678,13.978,109.57,112.98,OV:CPU,30.3402,0.9206,synth:mixed
fsrcnn_ir_20260506T094028,2026-05-06T09:45:32,CPU_OV,FSRCNN_x4.xml,640,360,1440,1,dgpu,5,30,0.887,22.726,5.059,20.553,31.143,32.377,15.718,32.827,44.0,48.65,OV:CPU,31.7476,0.9383,synth:mixed
fsrcnn_ir_20260506T094028,2026-05-06T09:45:34,CPU_OV,FSRCNN_x4.xml,640,480,1920,1,dgpu,5,30,1.104,28.55,2.69,27.635,31.935,34.971,24.513,35.326,35.03,36.19,OV:CPU,33.297,0.9539,synth:mixed
fsrcnn_ir_20260506T094028,2026-05-06T09:45:38,CPU_OV,FSRCNN_x4.xml,960,540,2160,1,dgpu,5,30,1.793,47.205,2.556,47.21,49.932,54.354,42.65,55.919,21.18,21.18,OV:CPU,33.6125,0.9567,synth:mixed
fsrcnn_ir_20260506T094028,2026-05-06T09:45:39,iGPU_OV,FSRCNN_x2.xml,128,72,144,1,dgpu,5,30,0.476,0.704,0.047,0.685,0.776,0.798,0.65,0.804,1420.84,1460.01,OV:GPU,27.7993,0.9628,synth:mixed
fsrcnn_ir_20260506T094028,2026-05-06T09:45:39,iGPU_OV,FSRCNN_x2.xml,256,144,288,1,dgpu,5,30,0.482,2.282,0.056,2.257,2.357,2.448,2.232,2.475,438.13,443.03,OV:GPU,28.0624,0.9633,synth:mixed
fsrcnn_ir_20260506T094028,2026-05-06T09:45:40,iGPU_OV,FSRCNN_x2.xml,320,180,360,1,dgpu,5,30,0.534,3.605,0.108,3.585,3.754,3.894,3.434,3.925,277.38,278.94,OV:GPU,28.8046,0.9662,synth:mixed
fsrcnn_ir_20260506T094028,2026-05-06T09:45:41,iGPU_OV,FSRCNN_x2.xml,480,270,540,1,dgpu,5,30,0.714,8.689,0.289,8.627,8.854,9.701,8.425,9.856,115.09,115.92,OV:GPU,30.5745,0.9734,synth:mixed
fsrcnn_ir_20260506T094028,2026-05-06T09:45:42,iGPU_OV,FSRCNN_x2.xml,640,360,720,1,dgpu,5,30,0.978,16.243,0.478,16.147,16.957,17.304,15.601,17.306,61.56,61.93,OV:GPU,31.8106,0.9784,synth:mixed
fsrcnn_ir_20260506T094028,2026-05-06T09:45:44,iGPU_OV,FSRCNN_x2.xml,640,480,960,1,dgpu,5,30,1.217,21.893,1.003,21.642,22.946,24.713,20.721,24.715,45.68,46.21,OV:GPU,33.2417,0.983,synth:mixed
fsrcnn_ir_20260506T094028,2026-05-06T09:45:46,iGPU_OV,FSRCNN_x2.xml,800,600,1200,1,dgpu,5,30,1.648,34.519,1.864,33.908,37.252,39.666,32.805,40.044,28.97,29.49,OV:GPU,34.0717,0.9854,synth:mixed
fsrcnn_ir_20260506T094028,2026-05-06T09:45:48,iGPU_OV,FSRCNN_x2.xml,960,540,1080,1,dgpu,5,30,1.732,36.925,0.853,36.72,38.148,39.155,35.778,39.161,27.08,27.23,OV:GPU,33.5466,0.984,synth:mixed
fsrcnn_ir_20260506T094028,2026-05-06T09:45:51,iGPU_OV,FSRCNN_x2.xml,1280,720,1440,1,dgpu,5,30,2.738,64.873,1.418,64.646,66.065,69.728,63.29,71.08,15.41,15.47,OV:GPU,34.9542,0.9875,synth:mixed
fsrcnn_ir_20260506T094028,2026-05-06T09:45:59,iGPU_OV,FSRCNN_x2.xml,1920,1080,2160,1,dgpu,5,30,5.506,141.627,2.823,140.73,144.985,149.631,138.279,150.764,7.06,7.11,OV:GPU,36.5282,0.9906,synth:mixed
fsrcnn_ir_20260506T094028,2026-05-06T09:45:59,iGPU_OV,FSRCNN_x3.xml,128,72,216,1,dgpu,5,30,0.422,0.673,0.056,0.657,0.758,0.788,0.607,0.793,1485.87,1521.06,OV:GPU,28.1355,0.9103,synth:mixed
fsrcnn_ir_20260506T094028,2026-05-06T09:46:00,iGPU_OV,FSRCNN_x3.xml,256,144,432,1,dgpu,5,30,0.485,2.501,0.095,2.479,2.565,2.835,2.355,2.942,399.78,403.39,OV:GPU,28.482,0.9144,synth:mixed
fsrcnn_ir_20260506T094028,2026-05-06T09:46:01,iGPU_OV,FSRCNN_x3.xml,320,180,540,1,dgpu,5,30,0.55,3.936,0.198,3.88,4.127,4.517,3.654,4.532,254.05,257.72,OV:GPU,29.3173,0.9247,synth:mixed
fsrcnn_ir_20260506T094028,2026-05-06T09:46:02,iGPU_OV,FSRCNN_x3.xml,480,270,810,1,dgpu,5,30,0.765,9.859,0.475,9.8,10.207,11.257,8.917,11.594,101.43,102.05,OV:GPU,31.2535,0.9437,synth:mixed
fsrcnn_ir_20260506T094028,2026-05-06T09:46:03,iGPU_OV,FSRCNN_x3.xml,640,360,1080,1,dgpu,5,30,1.035,17.584,0.594,17.467,18.013,19.686,16.921,20.176,56.87,57.25,OV:GPU,32.5291,0.9549,synth:mixed
fsrcnn_ir_20260506T094028,2026-05-06T09:46:05,iGPU_OV,FSRCNN_x3.xml,640,480,1440,1,dgpu,5,30,1.23,22.831,0.719,22.657,23.179,25.541,22.339,26.419,43.8,44.14,OV:GPU,33.9542,0.965,synth:mixed
fsrcnn_ir_20260506T094028,2026-05-06T09:46:08,iGPU_OV,FSRCNN_x3.xml,800,600,1800,1,dgpu,5,30,1.685,35.289,1.186,35.047,35.525,39.812,34.528,41.382,28.34,28.53,OV:GPU,34.7425,0.9699,synth:mixed
fsrcnn_ir_20260506T094028,2026-05-06T09:46:11,iGPU_OV,FSRCNN_x3.xml,960,540,1620,1,dgpu,5,30,1.777,37.739,0.961,37.392,38.499,41.13,36.942,42.143,26.5,26.74,OV:GPU,34.241,0.9669,synth:mixed
fsrcnn_ir_20260506T094028,2026-05-06T09:46:16,iGPU_OV,FSRCNN_x3.xml,1280,720,2160,1,dgpu,5,30,2.899,68.169,1.679,67.725,69.241,74.397,66.909,76.069,14.67,14.77,OV:GPU,35.5593,0.9742,synth:mixed
fsrcnn_ir_20260506T094028,2026-05-06T09:46:16,iGPU_OV,FSRCNN_x4.xml,128,72,288,1,dgpu,5,30,0.426,0.79,0.07,0.751,0.896,0.981,0.727,1.002,1265.65,1330.76,OV:GPU,26.9472,0.8639,synth:mixed
fsrcnn_ir_20260506T094028,2026-05-06T09:46:17,iGPU_OV,FSRCNN_x4.xml,256,144,576,1,dgpu,5,30,0.5,2.697,0.181,2.658,2.863,3.329,2.528,3.491,370.8,376.24,OV:GPU,27.3343,0.8715,synth:mixed
fsrcnn_ir_20260506T094028,2026-05-06T09:46:18,iGPU_OV,FSRCNN_x4.xml,320,180,720,1,dgpu,5,30,0.56,4.202,0.227,4.137,4.379,4.982,3.954,5.217,238.0,241.73,OV:GPU,28.2992,0.89,synth:mixed
fsrcnn_ir_20260506T094028,2026-05-06T09:46:19,iGPU_OV,FSRCNN_x4.xml,480,270,1080,1,dgpu,5,30,0.778,10.233,0.732,10.101,10.361,13.082,9.739,13.935,97.73,99.0,OV:GPU,30.3896,0.9217,synth:mixed
fsrcnn_ir_20260506T094028,2026-05-06T09:46:21,iGPU_OV,FSRCNN_x4.xml,640,360,1440,1,dgpu,5,30,1.102,19.297,0.843,19.204,19.4,22.502,18.781,23.673,51.82,52.07,OV:GPU,31.8191,0.9394,synth:mixed
fsrcnn_ir_20260506T094028,2026-05-06T09:46:24,iGPU_OV,FSRCNN_x4.xml,640,480,1920,1,dgpu,5,30,1.301,24.386,0.858,24.257,24.535,27.696,23.867,28.83,41.01,41.23,OV:GPU,33.4044,0.9551,synth:mixed
fsrcnn_ir_20260506T094028,2026-05-06T09:46:27,iGPU_OV,FSRCNN_x4.xml,960,540,2160,1,dgpu,5,30,1.882,39.945,1.727,39.695,40.121,46.493,38.985,49.045,25.03,25.19,OV:GPU,33.7301,0.9578,synth:mixed
